camera,"approach",1,fourth,594.016986,251.423447,540,0,639,479,26.631026,0,43212
camera,"camera_phase",0,none,0.000000,0.000000,1,1,0,0,0.000000,0,0
camera,"camera_phase",0,none,0.000000,0.000000,1,1,0,0,0.000000,0,0
camera,"camera_phase",0,none,0.000000,0.000000,1,1,0,0,0.000000,0,0
camera,"camera_phase",0,none,0.000000,0.000000,1,1,0,0,0.000000,0,0
camera,"camera_phase",0,none,0.000000,0.000000,1,1,0,0,0.000000,0,0
camera,"camera_phase",0,none,0.000000,0.000000,1,1,0,0,0.000000,0,0
camera,"camera_phase",0,none,0.000000,0.000000,1,1,0,0,0.000000,0,0
camera,"camera_phase",0,none,0.000000,0.000000,1,1,0,0,0.000000,0,0
camera,"camera_phase",0,none,0.000000,0.000000,1,1,0,0,0.000000,0,0
camera,"camera_phase",0,none,0.000000,0.000000,1,1,0,0,0.000000,0,0
camera,"camera_phase",0,none,0.000000,0.000000,1,1,0,0,0.000000,0,0
camera,"camera_phase",0,none,0.000000,0.000000,1,1,0,0,0.000000,0,0
camera,"camera_phase",0,none,0.000000,0.000000,1,1,0,0,0.000000,0,0
camera,"camera_phase",0,none,0.000000,0.000000,1,1,0,0,0.000000,0,0
camera,"camera_phase",0,none,0.000000,0.000000,1,1,0,0,0.000000,0,0
camera,"camera_phase",0,none,0.000000,0.000000,1,1,0,0,0.000000,0,0
camera,"camera_phase",0,none,0.000000,0.000000,1,1,0,0,0.000000,0,0
camera,"camera_phase",0,none,0.000000,0.000000,1,1,0,0,0.000000,0,0
camera,"camera_phase",0,none,0.000000,0.000000,1,1,0,0,0.000000,0,0
camera,"camera_phase",0,none,0.000000,0.000000,1,1,0,0,0.000000,0,0
camera,"camera_phase",0,none,0.000000,0.000000,1,1,0,0,0.000000,0,0
camera,"camera_phase",0,none,0.000000,0.000000,1,1,0,0,0.000000,0,0
camera,"camera_phase",0,none,0.000000,0.000000,1,1,0,0,0.000000,0,0
camera,"camera_phase",0,none,0.000000,0.000000,1,1,0,0,0.000000,0,0
camera,"camera_phase",0,none,0.000000,0.000000,1,1,0,0,0.000000,0,0
camera,"camera_phase",0,none,0.000000,0.000000,1,1,0,0,0.000000,0,0
camera,"camera_phase",0,none,0.000000,0.000000,1,1,0,0,0.000000,0,0
camera,"camera_phase",0,none,0.000000,0.000000,1,1,0,0,0.000000,0,0
camera,"camera_phase",0,none,0.000000,0.000000,1,1,0,0,0.000000,0,0
camera,"camera_phase",0,none,0.000000,0.000000,1,1,0,0,0.000000,0,0
camera,"camera_phase",0,none,0.000000,0.000000,1,1,0,0,0.000000,0,0
camera,"camera_phase",0,none,0.000000,0.000000,1,1,0,0,0.000000,0,0
camera,"camera_phase",0,none,0.000000,0.000000,1,1,0,0,0.000000,0,0
camera,"camera_phase",0,none,0.000000,0.000000,1,1,0,0,0.000000,0,0
camera,"camera_phase",0,none,0.000000,0.000000,1,1,0,0,0.000000,0,0
camera,"camera_phase",0,none,0.000000,0.000000,1,1,0,0,0.000000,0,0
camera,"camera_phase",0,none,0.000000,0.000000,1,1,0,0,0.000000,0,0
camera,"camera_phase",0,none,0.000000,0.000000,1,1,0,0,0.000000,0,0
camera,"camera_phase",0,none,0.000000,0.000000,1,1,0,0,0.000000,0,0
camera,"camera_phase",0,none,0.000000,0.000000,1,1,0,0,0.000000,0,0
camera,"camera_phase",0,none,0.000000,0.000000,1,1,0,0,0.000000,0,0
camera,"camera_phase",0,none,0.000000,0.000000,1,1,0,0,0.000000,0,0
camera,"camera_phase",0,none,0.000000,0.000000,1,1,0,0,0.000000,0,0
camera,"camera_phase",0,none,0.000000,0.000000,1,1,0,0,0.000000,0,0
camera,"camera_phase",0,none,0.000000,0.000000,1,1,0,0,0.000000,0,0
camera,"camera_phase",0,none,0.000000,0.000000,1,1,0,0,0.000000,0,0
camera,"camera_phase",0,none,0.000000,0.000000,1,1,0,0,0.000000,0,0
camera,"camera_phase",0,none,0.000000,0.000000,1,1,0,0,0.000000,0,0
camera,"camera_phase",0,none,0.000000,0.000000,1,1,0,0,0.000000,0,0
camera,"camera_phase",0,none,0.000000,0.000000,1,1,0,0,0.000000,0,0
camera,"camera_phase",0,none,0.000000,0.000000,1,1,0,0,0.000000,0,0
camera,"camera_phase",0,none,0.000000,0.000000,1,1,0,0,0.000000,0,0
camera,"camera_phase",0,none,0.000000,0.000000,1,1,0,0,0.000000,0,0
camera,"camera_phase",1,third,187.781031,315.812875,0,168,415,479,-12.850031,0,93456
camera,"camera_phase",1,third,184.845555,313.939771,0,168,415,475,-13.135323,0,97860
camera,"camera_phase",1,third,191.632833,314.605317,0,148,427,479,-12.475684,0,117892
camera,"camera_phase",1,third,189.745488,314.128117,0,148,427,479,-12.659110,0,116144
camera,"camera_phase",1,third,190.310085,315.176803,0,152,423,479,-12.604239,0,114704
camera,"camera_phase",1,third,189.578474,315.634513,0,152,423,479,-12.675342,0,114636
camera,"camera_phase",1,third,183.231312,314.873310,0,168,411,477,-13.292207,0,96156
camera,"camera_phase",1,third,186.859445,316.889166,0,168,411,479,-12.939598,0,97172
camera,"camera_phase",1,third,191.293447,315.265627,0,152,427,479,-12.508668,0,116464
camera,"camera_phase",1,third,189.632445,316.165731,0,152,423,479,-12.670097,0,114040
camera,"camera_phase",1,third,185.166694,314.756528,0,166,415,479,-13.104112,0,97736
camera,"camera_phase",1,third,190.542356,316.178409,0,148,427,479,-12.581665,0,117292
camera,"camera_phase",1,third,192.034644,314.911186,0,144,427,479,-12.436633,0,118000
camera,"camera_phase",1,third,191.710372,314.632137,0,148,427,479,-12.468148,0,117696
camera,"camera_phase",1,third,190.672343,315.911948,0,140,427,479,-12.569032,0,118044
camera,"camera_phase",1,third,192.761085,316.862313,0,140,427,479,-12.366032,0,119256
camera,"camera_phase",1,third,190.706103,313.593378,0,140,427,479,-12.565751,0,117844
camera,"camera_phase",1,third,190.812651,317.348101,0,152,425,479,-12.555395,0,115656
camera,"camera_phase",1,third,191.242901,317.679318,0,152,427,479,-12.513581,0,115504
camera,"camera_phase",1,third,190.177689,314.963792,0,152,427,479,-12.617106,0,114672
camera,"camera_phase",1,third,185.477303,316.342593,0,168,415,479,-13.073925,0,97632
camera,"camera_phase",1,third,191.940589,317.810984,0,156,423,479,-12.445774,0,115736
camera,"camera_phase",1,third,190.298019,315.015656,0,148,427,479,-12.605411,0,115100
camera,"camera_phase",1,third,185.781633,314.686139,0,168,413,479,-13.044348,0,90728
camera,"camera_phase",1,third,189.630948,315.385489,0,152,427,479,-12.670242,0,115832
camera,"camera_phase",1,third,189.591173,315.398638,0,156,427,479,-12.674108,0,113060
camera,"camera_phase",1,third,184.899734,314.800466,0,168,415,479,-13.130057,0,96224
camera,"camera_phase",1,third,190.650929,317.127716,0,156,425,479,-12.571113,0,114332
camera,"camera_phase",1,third,186.822940,315.769905,0,168,413,479,-12.943145,0,89676
camera,"camera_phase",1,third,190.774761,317.041149,0,144,427,479,-12.559078,0,116552
camera,"camera_phase",1,third,191.389928,314.539225,0,144,427,479,-12.499291,0,118904
camera,"camera_phase",1,third,191.352561,315.997208,0,148,423,479,-12.502923,0,117472
camera,"camera_phase",1,third,191.580562,316.281015,0,152,427,479,-12.480764,0,117524
camera,"camera_phase",1,third,189.703139,314.460590,0,148,427,479,-12.663226,0,113676
camera,"camera_phase",1,third,187.708859,317.417695,0,168,415,479,-12.857045,0,88500
camera,"camera_phase",1,third,192.618682,314.536574,0,144,431,479,-12.379872,0,120524
camera,"camera_phase",1,third,185.803779,317.176300,0,168,411,479,-13.042195,0,93568
camera,"camera_phase",1,third,189.327277,314.911253,0,152,423,479,-12.699755,0,114032
camera,"camera_phase",1,third,189.686291,314.936141,0,148,427,479,-12.664864,0,113908
camera,"camera_phase",1,third,184.884542,313.597505,0,168,415,475,-13.131534,0,96364
camera,"camera_phase",1,third,191.792938,316.115760,0,150,427,479,-12.460124,0,116448
camera,"camera_phase",0,none,0.000000,0.000000,1,1,0,0,0.000000,0,0
camera,"camera_phase",0,none,0.000000,0.000000,1,1,0,0,0.000000,0,0
camera,"camera_phase",0,none,0.000000,0.000000,1,1,0,0,0.000000,0,0
camera,"camera_phase",1,second,245.472102,230.606845,0,0,639,479,-7.243180,0,96064
camera,"camera_phase",1,fourth,612.952627,429.090575,566,340,639,479,28.471333,0,5995
camera,"camera_phase",0,none,0.000000,0.000000,1,1,0,0,0.000000,0,0
camera,"approach",0,none,0.000000,0.000000,1,1,0,0,0.000000,0,0
camera,"approach",1,third,180.005681,362.320154,0,236,339,479,-13.605698,0,61080
camera,"approach",1,first,470.065620,212.001333,304,0,639,479,14.584502,0,87046
camera,"approach",1,third,14.444055,249.686989,0,142,41,319,-29.696218,0,4281
camera,"approach",0,none,0.000000,0.000000,1,1,0,0,0.000000,0,0
camera,"approach",1,third,72.062018,415.969436,6,340,127,475,-24.096473,0,6740
camera,"approach",0,none,0.000000,0.000000,1,1,0,0,0.000000,0,0
camera,"approach",0,none,0.000000,0.000000,1,1,0,0,0.000000,0,0
camera,"approach",0,none,0.000000,0.000000,1,1,0,0,0.000000,0,0
gps,"approach",33.959928,133.290830,33.960958,133.291036,9.441405,116.156311,,0,179.751405,179.751405,1,gps_relative
camera,"approach",0,none,0.000000,0.000000,1,1,0,0,0.000000,0,0
gps,"approach",33.959951,133.290829,33.960958,133.291036,9.663714,113.600281,,0,-158.136286,-158.136286,1,gps_relative
camera,"approach",1,second,22.472184,77.758345,0,40,63,123,-28.915985,0,2876
gps,"approach",33.959935,133.290836,33.960958,133.291036,9.201960,115.306917,-28.915985,0,-151.648040,-151.648040,1,gps_corrected
camera,"approach",1,second,103.960424,59.052240,72,0,151,143,-20.996346,0,6317
gps,"approach",33.959930,133.290835,33.960958,133.291036,9.194047,115.886323,-20.996346,0,-153.575953,-153.575953,1,gps_corrected
camera,"approach",1,second,35.176899,50.181031,4,0,79,121,-27.681245,0,5082
gps,"approach",33.959931,133.290831,33.960958,133.291036,9.381439,115.760487,-27.681245,0,-154.228561,-154.228561,1,gps_corrected
camera,"approach",1,second,25.180210,52.347969,0,0,75,151,-28.652798,0,6104
gps,"approach",33.959935,133.290831,33.960958,133.291036,9.411438,115.394810,-28.652798,0,-153.328562,-153.328562,1,gps_corrected
camera,"approach",1,second,152.378205,78.616954,100,0,241,211,-16.290743,0,12599
gps,"approach",33.959934,133.290830,33.960958,133.291036,9.459599,115.467294,-16.290743,0,-154.340401,-154.340401,1,gps_corrected
camera,"approach",1,second,210.250378,20.760212,196,0,231,47,-10.666291,0,1322
gps,"approach",33.959932,133.290831,33.960958,133.291036,9.403944,115.674083,-10.666291,0,-154.016056,-154.016056,1,gps_corrected
camera,"approach",0,none,0.000000,0.000000,1,1,0,0,0.000000,0,0
gps,"approach",33.959923,133.290834,33.960958,133.291036,9.189494,116.616998,,0,-153.150506,-153.150506,1,gps_relative
camera,"approach",0,none,0.000000,0.000000,1,1,0,0,0.000000,0,0
gps,"approach",33.959924,133.290867,33.960958,133.291036,7.734977,116.102541,,0,7.734977,,0,gps_absolute
camera,"approach",0,none,0.000000,0.000000,1,1,0,0,0.000000,0,0
gps,"approach",33.959913,133.290868,33.960958,133.291036,7.581353,117.275926,,0,7.581353,,0,gps_absolute
camera,"approach",0,none,0.000000,0.000000,1,1,0,0,0.000000,0,0
gps,"approach",33.959918,133.290873,33.960958,133.291036,7.416518,116.652167,,0,7.416518,,0,gps_absolute
camera,"approach",0,none,0.000000,0.000000,1,1,0,0,0.000000,0,0
gps,"approach",33.959922,133.290873,33.960958,133.291036,7.451154,116.231491,,0,7.451154,,0,gps_absolute
camera,"approach",0,none,0.000000,0.000000,1,1,0,0,0.000000,0,0
gps,"approach",33.959914,133.290873,33.960958,133.291036,7.397051,117.076840,,0,7.397051,,0,gps_absolute
camera,"approach",0,none,0.000000,0.000000,1,1,0,0,0.000000,0,0
gps,"approach",33.959909,133.290876,33.960958,133.291036,7.221057,117.591142,,0,7.221057,,0,gps_absolute
camera,"approach",0,none,0.000000,0.000000,1,1,0,0,0.000000,0,0
gps,"approach",33.959929,133.290877,33.960958,133.291036,7.284155,115.365628,,0,7.284155,,0,gps_absolute
camera,"approach",1,first,384.133123,66.036645,356,0,419,161,6.232938,0,6986
gps,"approach",33.959911,133.290869,33.960958,133.291036,7.528707,117.504653,6.232938,0,7.528707,,0,gps_absolute
camera,"approach",1,second,284.390936,29.448207,268,0,303,67,-3.460756,0,2008
gps,"approach",33.959901,133.290866,33.960958,133.291036,7.582274,118.659680,-3.460756,0,7.582274,,0,gps_absolute
camera,"approach",0,none,0.000000,0.000000,1,1,0,0,0.000000,0,0
gps,"approach",33.959904,133.290867,33.960958,133.291036,7.576442,118.284159,,0,7.576442,,0,gps_absolute
camera,"approach",0,none,0.000000,0.000000,1,1,0,0,0.000000,0,0
gps,"approach",33.959895,133.290863,33.960958,133.291036,7.694799,119.345470,,0,7.694799,,0,gps_absolute
camera,"approach",0,none,0.000000,0.000000,1,1,0,0,0.000000,0,0
gps,"approach",33.960090,133.290941,33.960958,133.291036,5.219722,96.915522,,0,5.219722,,0,gps_absolute
camera,"approach",0,none,0.000000,0.000000,1,1,0,0,0.000000,0,0
gps,"approach",33.960069,133.290922,33.960958,133.291036,6.054518,99.477744,,0,6.054518,,0,gps_absolute
camera,"approach",1,second,24.831267,57.913640,0,0,55,115,-28.686711,0,4516
gps,"approach",33.960074,133.290927,33.960958,133.291036,5.860411,98.846425,-28.686711,0,5.860411,,0,gps_absolute
camera,"approach",0,none,0.000000,0.000000,1,1,0,0,0.000000,0,0
gps,"approach",33.960070,133.290936,33.960958,133.291036,5.341619,99.168183,,0,5.341619,,0,gps_absolute
camera,"approach",0,none,0.000000,0.000000,1,1,0,0,0.000000,0,0
gps,"approach",33.960066,133.290916,33.960958,133.291036,6.381050,99.800603,,0,6.381050,,0,gps_absolute
camera,"approach",0,none,0.000000,0.000000,1,1,0,0,0.000000,0,0
gps,"approach",33.960057,133.290913,33.960958,133.291036,6.444514,100.876099,,0,6.444514,,0,gps_absolute
camera,"approach",0,none,0.000000,0.000000,1,1,0,0,0.000000,0,0
gps,"approach",33.960054,133.290905,33.960958,133.291036,6.866448,101.261482,,0,6.866448,,0,gps_absolute
camera,"approach",0,none,0.000000,0.000000,1,1,0,0,0.000000,0,0
gps,"approach",33.960074,133.290882,33.960958,133.291036,8.228543,99.408826,,0,8.228543,,0,gps_absolute
camera,"approach",0,none,0.000000,0.000000,1,1,0,0,0.000000,0,0
gps,"approach",33.960063,133.290885,33.960958,133.291036,7.985903,100.527856,,0,7.985903,,0,gps_absolute
camera,"approach",0,none,0.000000,0.000000,1,1,0,0,0.000000,0,0
gps,"approach",33.959985,133.290875,33.960958,133.291036,7.802320,109.218760,,0,7.802320,,0,gps_absolute
camera,"approach",0,none,0.000000,0.000000,1,1,0,0,0.000000,0,0
gps,"approach",33.959977,133.290875,33.960958,133.291036,7.777797,110.128890,,0,7.777797,,0,gps_absolute
camera,"approach",0,none,0.000000,0.000000,1,1,0,0,0.000000,0,0
gps,"approach",33.959953,133.290886,33.960958,133.291036,7.058371,112.656728,,0,7.058371,,0,gps_absolute
camera,"approach",0,none,0.000000,0.000000,1,1,0,0,0.000000,0,0
gps,"approach",33.959808,133.290771,33.960958,133.291036,10.824559,130.187107,,0,10.824559,,0,gps_absolute
camera,"approach",0,none,0.000000,0.000000,1,1,0,0,0.000000,0,0
gps,"approach",33.959772,133.290739,33.960958,133.291036,11.725089,134.759736,,0,11.725089,,0,gps_absolute
camera,"approach",1,second,263.100345,154.867530,192,88,363,227,-5.529935,0,11580
gps,"approach",33.959735,133.290708,33.960958,133.291036,12.532169,139.382947,-5.529935,0,12.532169,,0,gps_absolute
camera,"approach",1,first,583.948133,117.101660,520,70,639,175,25.652459,0,1928
gps,"approach",33.959686,133.290725,33.960958,133.291036,11.455619,144.386965,25.652459,0,11.455619,,0,gps_absolute
camera,"approach",0,none,0.000000,0.000000,1,1,0,0,0.000000,0,0
gps,"approach",33.959653,133.290705,33.960958,133.291036,11.894203,148.308665,,0,11.894203,,0,gps_absolute
camera,"approach",0,none,0.000000,0.000000,1,1,0,0,0.000000,0,0
gps,"approach",33.959625,133.290689,33.960958,133.291036,12.191371,151.734001,,0,12.191371,,0,gps_absolute
camera,"approach",1,fourth,533.096306,426.616095,512,366,551,473,20.710297,0,1516
gps,"approach",33.959617,133.290612,33.960958,133.291036,14.704213,154.215265,20.710297,0,14.704213,,0,gps_absolute
camera,"approach",0,none,0.000000,0.000000,1,1,0,0,0.000000,0,0
gps,"approach",33.959592,133.290600,33.960958,133.291036,14.833296,157.105916,,0,14.833296,,0,gps_absolute
camera,"approach",0,none,0.000000,0.000000,1,1,0,0,0.000000,0,0
gps,"approach",33.959570,133.290597,33.960958,133.291036,14.702749,159.559847,,0,14.702749,,0,gps_absolute
camera,"approach",0,none,0.000000,0.000000,1,1,0,0,0.000000,0,0
gps,"approach",33.959409,133.290529,33.960958,133.291036,15.205772,178.486384,,0,-145.014228,-145.014228,1,gps_relative
camera,"approach",0,none,0.000000,0.000000,1,1,0,0,0.000000,0,0
gps,"approach",33.959890,133.290958,33.960958,133.291036,3.460943,119.062453,,0,3.460943,,0,gps_absolute
camera,"approach",0,none,0.000000,0.000000,1,1,0,0,0.000000,0,0
gps,"approach",33.959900,133.290952,33.960958,133.291036,3.785896,117.935120,,0,3.785896,,0,gps_absolute
camera,"approach",0,none,0.000000,0.000000,1,1,0,0,0.000000,0,0
gps,"approach",33.959896,133.290938,33.960958,133.291036,4.387381,118.469699,,0,4.387381,,0,gps_absolute
camera,"approach",0,none,0.000000,0.000000,1,1,0,0,0.000000,0,0
gps,"approach",33.959889,133.290939,33.960958,133.291036,4.315252,119.220344,,0,4.315252,,0,gps_absolute
camera,"approach",0,none,0.000000,0.000000,1,1,0,0,0.000000,0,0
gps,"approach",33.959881,133.290944,33.960958,133.291036,4.048638,120.090152,,0,4.048638,,0,gps_absolute
camera,"approach",0,none,0.000000,0.000000,1,1,0,0,0.000000,0,0
gps,"approach",33.959871,133.290941,33.960958,133.291036,4.171603,121.204996,,0,4.171603,,0,gps_absolute
camera,"approach",0,none,0.000000,0.000000,1,1,0,0,0.000000,0,0
gps,"approach",33.959857,133.290940,33.960958,133.291036,4.162309,122.745831,,0,4.162309,,0,gps_absolute
camera,"approach",0,none,0.000000,0.000000,1,1,0,0,0.000000,0,0
gps,"approach",33.959862,133.290944,33.960958,133.291036,3.987097,122.161769,,0,3.987097,,0,gps_absolute
camera,"approach",0,none,0.000000,0.000000,1,1,0,0,0.000000,0,0
gps,"approach",33.959865,133.290948,33.960958,133.291036,3.822570,121.877793,,0,3.822570,,0,gps_absolute
camera,"approach",0,none,0.000000,0.000000,1,1,0,0,0.000000,0,0
gps,"approach",33.959860,133.290947,33.960958,133.291036,3.842854,122.382189,,0,3.842854,,0,gps_absolute
camera,"approach",0,none,0.000000,0.000000,1,1,0,0,0.000000,0,0
gps,"approach",33.959863,133.290942,33.960958,133.291036,4.053662,122.116008,,0,4.053662,,0,gps_absolute
camera,"approach",0,none,0.000000,0.000000,1,1,0,0,0.000000,0,0
gps,"approach",33.959861,133.290947,33.960958,133.291036,3.860135,122.291801,,0,3.860135,,0,gps_absolute
camera,"approach",0,none,0.000000,0.000000,1,1,0,0,0.000000,0,0
gps,"approach",33.959985,133.290775,33.960958,133.291036,12.557501,110.897594,,0,12.557501,,0,gps_absolute
camera,"approach",0,none,0.000000,0.000000,1,1,0,0,0.000000,0,0
gps,"approach",33.959987,133.290769,33.960958,133.291036,12.829437,110.731106,,0,12.829437,,0,gps_absolute
camera,"approach",1,third,48.189182,401.262824,0,354,127,467,-26.416614,0,7876
gps,"approach",33.959995,133.290758,33.960958,133.291036,13.450324,110.135044,-26.416614,0,13.450324,,0,gps_absolute
camera,"approach",1,third,182.235075,316.499378,80,176,311,479,-13.389029,0,25728
gps,"approach",33.959998,133.290749,33.960958,133.291036,13.929865,110.054311,-13.389029,0,13.929865,,0,gps_absolute
camera,"approach",1,fourth,485.740723,242.915726,328,0,639,479,16.107926,0,74376
gps,"approach",33.959998,133.290739,33.960958,133.291036,14.376517,110.232609,16.107926,0,14.376517,,0,gps_absolute
camera,"approach",1,first,441.154028,159.902844,428,132,463,175,11.774657,0,844
gps,"approach",33.960004,133.290761,33.960958,133.291036,13.465972,109.151309,11.774657,0,13.465972,,0,gps_absolute
camera,"approach",1,fourth,535.843373,407.327560,444,320,639,479,20.977278,0,21248
gps,"approach",33.960005,133.290766,33.960958,133.291036,13.208823,108.882939,20.977278,0,13.208823,,0,gps_absolute
camera,"approach",1,second,259.198482,43.351772,200,0,295,91,-5.909148,0,5532
gps,"approach",33.960011,133.290766,33.960958,133.291036,13.323458,108.229644,-5.909148,0,13.323458,,0,gps_absolute
camera,"approach",0,none,0.000000,0.000000,1,1,0,0,0.000000,0,0
gps,"approach",33.960016,133.290756,33.960958,133.291036,13.833970,107.909319,,0,13.833970,,0,gps_absolute
camera,"approach",0,none,0.000000,0.000000,1,1,0,0,0.000000,0,0
gps,"approach",33.960022,133.290747,33.960958,133.291036,14.375589,107.515470,,0,14.375589,,0,gps_absolute
camera,"approach",1,third,269.488048,422.739044,248,404,287,439,-4.909130,0,1004
gps,"approach",33.960026,133.290748,33.960958,133.291036,14.381370,107.039950,-4.909130,0,14.381370,,0,gps_absolute
camera,"approach",1,fourth,523.846821,254.080560,400,116,639,479,19.811363,0,41050
gps,"approach",33.960010,133.290757,33.960958,133.291036,13.717324,108.484999,19.811363,0,13.717324,,0,gps_absolute
camera,"approach",1,third,311.951882,245.155789,88,0,531,479,-0.782177,0,105656
gps,"approach",33.960020,133.290750,33.960958,133.291036,14.216345,107.630530,-0.782177,0,14.216345,,0,gps_absolute
camera,"approach",1,third,166.844068,404.401531,36,316,275,479,-14.884842,0,27948
gps,"approach",33.960029,133.290744,33.960958,133.291036,14.615001,106.827287,-14.884842,0,14.615001,,0,gps_absolute
camera,"approach",1,second,100.796078,37.092157,72,0,131,87,-21.303881,0,4080
gps,"approach",33.960046,133.290727,33.960958,133.291036,15.725940,105.349575,-21.303881,0,15.725940,,0,gps_absolute
camera,"approach",1,fourth,564.123748,379.371010,420,188,639,479,23.725777,0,33956
gps,"approach",33.960055,133.290715,33.960958,133.291036,16.417057,104.673029,23.725777,0,16.417057,,0,gps_absolute
camera,"approach",1,fourth,572.774540,253.560977,504,0,639,451,24.566526,0,41524
gps,"approach",33.960067,133.290701,33.960958,133.291036,17.313185,103.850514,24.566526,0,17.313185,,0,gps_absolute
camera,"approach",1,fourth,538.587669,284.554904,452,120,639,479,21.243989,0,36136
gps,"approach",33.960064,133.290699,33.960958,133.291036,17.377633,104.197708,21.243989,0,17.377633,,0,gps_absolute
camera,"approach",1,fourth,363.663113,245.398225,268,0,495,407,4.243509,0,38084
gps,"approach",33.960055,133.290714,33.960958,133.291036,16.502915,104.738712,4.243509,0,16.502915,,0,gps_absolute
camera,"approach",1,third,58.466252,386.715566,0,294,151,479,-25.417811,0,18964
gps,"approach",33.960061,133.290715,33.960958,133.291036,16.546946,104.143933,-25.417811,0,16.546946,,0,gps_absolute
camera,"approach",1,second,112.015955,164.808330,0,0,247,255,-20.213449,0,19304
gps,"approach",33.960063,133.290714,33.960958,133.291036,16.639354,103.903860,-20.213449,0,16.639354,,0,gps_absolute
camera,"approach",1,third,297.342146,444.326322,196,376,375,479,-2.202060,0,10364
gps,"approach",33.960070,133.290707,33.960958,133.291036,17.075385,103.368254,-2.202060,0,17.075385,,0,gps_absolute
camera,"approach",1,first,398.549193,236.147028,244,0,599,479,7.634000,0,76108
gps,"approach",33.960082,133.290702,33.960958,133.291036,17.541252,102.133907,7.634000,0,17.541252,,0,gps_absolute
camera,"approach",1,third,38.733181,414.697253,0,308,111,479,-27.335619,0,11356
gps,"approach",33.960105,133.290703,33.960958,133.291036,17.938931,99.692251,-27.335619,0,17.938931,,0,gps_absolute
camera,"approach",1,first,327.844828,97.603448,316,92,339,103,0.762419,0,232
gps,"approach",33.960112,133.290698,33.960958,133.291036,18.336272,99.118508,0.762419,0,18.336272,,0,gps_absolute
camera,"approach",0,none,0.000000,0.000000,1,1,0,0,0.000000,0,0
gps,"approach",33.960117,133.290691,33.960958,133.291036,18.801540,98.801955,,0,18.801540,,0,gps_absolute
camera,"approach",0,none,0.000000,0.000000,1,1,0,0,0.000000,0,0
gps,"approach",33.959727,133.290926,33.960958,133.291036,4.248528,137.273190,,0,4.248528,,0,gps_absolute
camera,"approach",0,none,0.000000,0.000000,1,1,0,0,0.000000,0,0
gps,"approach",33.959750,133.290915,33.960958,133.291036,4.766239,134.786048,,0,4.766239,,0,gps_absolute
camera,"approach",1,fourth,439.989235,333.560616,368,194,501,423,11.661454,0,12076
gps,"approach",33.959779,133.290917,33.960958,133.291036,4.788187,131.591607,11.661454,0,4.788187,,0,gps_absolute
camera,"approach",1,third,237.886380,392.568838,194,256,303,475,-7.980417,0,10808
gps,"approach",33.959813,133.290917,33.960958,133.291036,4.942654,127.845667,-7.980417,0,4.942654,,0,gps_absolute
camera,"approach",1,third,318.391500,347.502764,258,208,385,433,-0.156326,0,11576
gps,"approach",33.959846,133.290920,33.960958,133.291036,4.947947,124.144924,-0.156326,0,4.947947,,0,gps_absolute
camera,"approach",1,fourth,564.488414,324.532585,522,192,615,411,23.761218,0,11048
gps,"approach",33.959887,133.290919,33.960958,133.291036,5.164853,119.627539,23.761218,0,5.164853,,0,gps_absolute
camera,"approach",1,third,192.222892,398.083133,156,264,241,479,-12.418338,0,9960
gps,"approach",33.959900,133.290921,33.960958,133.291036,5.152914,118.192494,-12.418338,0,5.152914,,0,gps_absolute
camera,"approach",1,fourth,332.256450,359.365497,270,222,397,447,1.191174,0,11628
gps,"approach",33.959906,133.290925,33.960958,133.291036,5.028534,117.425474,1.191174,0,5.028534,,0,gps_absolute
camera,"approach",1,fourth,338.154664,422.873159,316,344,367,479,1.764406,0,4888
gps,"approach",33.959979,133.290910,33.960958,133.291036,6.090166,109.474138,1.764406,0,6.090166,,0,gps_absolute
camera,"approach",1,second,163.214286,2.500000,156,0,167,7,-15.237612,0,56
gps,"approach",33.959980,133.290912,33.960958,133.291036,5.997196,109.399428,-15.237612,0,5.997196,,0,gps_absolute
camera,"approach",1,third,238.083082,441.472810,220,392,259,479,-7.961301,0,2648
gps,"approach",33.959970,133.290926,33.960958,133.291036,5.276488,110.417593,-7.961301,0,5.276488,,0,gps_absolute
camera,"approach",1,third,319.857659,332.984104,254,198,379,419,-0.013834,0,11072
gps,"approach",33.959968,133.290928,33.960958,133.291036,5.163699,110.602425,-0.013834,0,5.163699,,0,gps_absolute
camera,"approach",1,fourth,346.225870,319.426444,280,184,395,407,2.548827,0,11148
gps,"approach",33.959973,133.290937,33.960958,133.291036,4.744718,109.937257,2.548827,0,4.744718,,0,gps_absolute
camera,"approach",0,none,0.000000,0.000000,1,1,0,0,0.000000,0,0
gps,"approach",33.959998,133.290941,33.960958,133.291036,4.701409,107.196915,,0,4.701409,,0,gps_absolute
camera,"approach",1,first,465.500000,155.500000,464,152,467,159,14.140781,0,32
gps,"approach",33.959994,133.290946,33.960958,133.291036,4.438044,107.585069,14.140781,0,4.438044,,0,gps_absolute
camera,"approach",0,none,0.000000,0.000000,1,1,0,0,0.000000,0,0
gps,"approach",33.959988,133.290953,33.960958,133.291036,4.085412,108.223187,,0,4.085412,,0,gps_absolute
camera,"approach",1,first,587.461686,68.697318,538,0,639,119,25.993933,0,4176
gps,"approach",33.959153,133.290991,33.960958,133.291036,1.200296,200.766000,25.993933,0,1.200296,,0,gps_absolute
camera,"approach",0,none,0.000000,0.000000,1,1,0,0,0.000000,0,0
gps,"approach",33.959142,133.290997,33.960958,133.291036,1.018555,201.995542,,0,1.018555,,0,gps_absolute
camera,"approach",0,none,0.000000,0.000000,1,1,0,0,0.000000,0,0
gps,"approach",33.959143,133.291000,33.960958,133.291036,0.940517,201.898163,,0,0.940517,,0,gps_absolute
camera,"approach",0,none,0.000000,0.000000,1,1,0,0,0.000000,0,0
gps,"approach",33.959174,133.291016,33.960958,133.291036,0.521905,198.450680,,0,0.521905,,0,gps_absolute
camera,"approach",0,none,0.000000,0.000000,1,1,0,0,0.000000,0,0
gps,"approach",33.959165,133.291024,33.960958,133.291036,0.316258,199.390642,,0,0.316258,,0,gps_absolute
camera,"approach",1,third,154.192985,439.827793,10,368,275,479,-16.114369,0,16364
gps,"approach",33.959155,133.291036,33.960958,133.291036,359.989456,200.462494,-16.114369,0,359.989456,,0,gps_absolute
camera,"approach",0,none,0.000000,0.000000,1,1,0,0,0.000000,0,0
gps,"approach",33.959191,133.291045,33.960958,133.291036,359.765209,196.553781,,0,359.765209,,0,gps_absolute
camera,"approach",0,none,0.000000,0.000000,1,1,0,0,0.000000,0,0
gps,"approach",33.959188,133.291050,33.960958,133.291036,359.622362,196.834393,,0,359.622362,,0,gps_absolute
camera,"approach",1,fourth,372.694805,444.815399,270,376,547,479,5.121276,0,12936
gps,"approach",33.959187,133.291055,33.960958,133.291036,359.497558,197.023019,5.121276,0,359.497558,,0,gps_absolute
camera,"approach",0,none,0.000000,0.000000,1,1,0,0,0.000000,0,0
gps,"approach",33.959126,133.291057,33.960958,133.291036,359.453636,203.752009,,0,359.453636,,0,gps_absolute
camera,"approach",0,none,0.000000,0.000000,1,1,0,0,0.000000,0,0
gps,"approach",33.959116,133.291062,33.960958,133.291036,359.327641,204.868802,,0,359.327641,,0,gps_absolute
camera,"approach",1,first,535.054529,168.122921,460,48,607,295,20.900612,0,4328
gps,"approach",33.959097,133.291051,33.960958,133.291036,359.615328,206.972068,20.900612,0,359.615328,,0,gps_absolute
camera,"approach",0,none,0.000000,0.000000,1,1,0,0,0.000000,0,0
gps,"approach",33.959151,133.291005,33.960958,133.291036,0.822239,200.946495,,0,0.822239,,0,gps_absolute
camera,"approach",1,second,138.529943,239.229306,0,176,349,279,-17.636621,0,23244
gps,"approach",33.959143,133.291006,33.960958,133.291036,0.788146,201.815926,-17.636621,0,0.788146,,0,gps_absolute
camera,"approach",1,fourth,584.788625,246.841246,492,0,639,427,25.734145,0,40440
gps,"approach",33.959132,133.291003,33.960958,133.291036,0.874398,203.062157,25.734145,0,0.874398,,0,gps_absolute
camera,"approach",0,none,0.000000,0.000000,1,1,0,0,0.000000,0,0
gps,"approach",33.959133,133.291031,33.960958,133.291036,0.137106,202.983494,,0,0.137106,,0,gps_absolute
camera,"approach",1,first,370.683265,184.595051,180,0,623,411,4.925780,0,85428
gps,"approach",33.959123,133.291027,33.960958,133.291036,0.248598,204.059719,4.925780,0,0.248598,,0,gps_absolute
camera,"approach",1,second,4.866812,39.504367,0,0,11,87,-30.627007,0,916
gps,"approach",33.959113,133.291022,33.960958,133.291036,0.363179,205.155338,-30.627007,0,0.363179,,0,gps_absolute
camera,"approach",1,second,152.826937,212.295233,52,0,255,479,-16.247132,0,60244
gps,"approach",33.959084,133.291102,33.960958,133.291036,358.321159,208.502441,-16.247132,0,358.321159,,0,gps_absolute
camera,"approach",0,none,0.000000,0.000000,1,1,0,0,0.000000,0,0
gps,"approach",33.959074,133.291103,33.960958,133.291036,358.305015,209.635149,,0,358.305015,,0,gps_absolute
camera,"approach",1,third,108.003542,419.101920,0,340,219,479,-20.603406,0,25412
gps,"approach",33.959064,133.291104,33.960958,133.291036,358.293222,210.767416,-20.603406,0,358.293222,,0,gps_absolute
camera,"approach",0,none,0.000000,0.000000,1,1,0,0,0.000000,0,0
gps,"approach",33.959079,133.291085,33.960958,133.291036,358.763869,209.054632,,0,358.763869,,0,gps_absolute
camera,"approach",1,fourth,543.830539,347.898259,476,300,639,423,21.753530,0,12404
gps,"approach",33.959070,133.291084,33.960958,133.291036,358.798888,210.015816,21.753530,0,358.798888,,0,gps_absolute
camera,"approach",0,none,0.000000,0.000000,1,1,0,0,0.000000,0,0
gps,"approach",33.959061,133.291083,33.960958,133.291036,358.829518,210.995921,,0,358.829518,,0,gps_absolute
camera,"approach",0,none,0.000000,0.000000,1,1,0,0,0.000000,0,0
gps,"approach",33.960011,133.290883,33.960958,133.291036,7.626675,106.275236,,0,7.626675,,0,gps_absolute
camera,"approach",0,none,0.000000,0.000000,1,1,0,0,0.000000,0,0
gps,"approach",33.960006,133.290883,33.960958,133.291036,7.599499,106.885491,,0,7.599499,,0,gps_absolute
camera,"approach",1,fourth,381.595561,264.811512,336,134,417,371,5.986319,0,10632
gps,"approach",33.960000,133.290882,33.960958,133.291036,7.592790,107.444715,5.986319,0,7.592790,,0,gps_absolute
camera,"approach",1,second,308.058442,117.694805,298,100,315,131,-1.160570,0,308
gps,"approach",33.959996,133.290881,33.960958,133.291036,7.604917,107.971264,-1.160570,0,7.604917,,0,gps_absolute
camera,"approach",0,none,0.000000,0.000000,1,1,0,0,0.000000,0,0
gps,"approach",33.959994,133.290881,33.960958,133.291036,7.625511,108.144734,,0,7.625511,,0,gps_absolute
camera,"approach",0,none,0.000000,0.000000,1,1,0,0,0.000000,0,0
gps,"approach",33.959993,133.290883,33.960958,133.291036,7.519632,108.249022,,0,7.519632,,0,gps_absolute
camera,"approach",0,none,0.000000,0.000000,1,1,0,0,0.000000,0,0
gps,"approach",33.959993,133.290875,33.960958,133.291036,7.886309,108.398894,,0,7.886309,,0,gps_absolute
camera,"approach",0,none,0.000000,0.000000,1,1,0,0,0.000000,0,0
gps,"approach",33.959988,133.290871,33.960958,133.291036,8.018367,108.939120,,0,8.018367,,0,gps_absolute
camera,"approach",0,none,0.000000,0.000000,1,1,0,0,0.000000,0,0
gps,"approach",33.959992,133.290867,33.960958,133.291036,8.254768,108.516513,,0,8.254768,,0,gps_absolute
